{
 "appId": "com.traceagri.app",
  "appName": "traceagri",
  "webDir": "dist",
  "plugins": {
    "SplashScreen": {
      "launchShowDuration": 3000,
      "launchAutoHide": true,
      "backgroundColor": "#ffffff",
      "androidSplashResourceName": "splash",
      "iosSplashResourceName": "splash",
      "androidScaleType": "CENTER_CROP",
      "showSpinner": true,
      "spinnerStyle": "large",
      "spinnerColor": "#999999",
      "splashFullScreen": true,
      "splashImmersive": true
    }
  }
}
